{
            "TransactionType": "Pay Bill",
            "TransID": "SGH9XXAXKP",
            "TransTime": "20240717135632",
            "TransAmount": "1.00",
            "BusinessShortCode": "4134527",
            "BillRefNumber": "Alvo",
            "InvoiceNumber": "",
            "OrgAccountBalance": "78.00",
            "ThirdPartyTransID": "",
            "MSISDN": "d76766963d0db0f2333b237ab99acdfc98b5a8ba686e58e1afaca11f927fb470",
            "FirstName": "Alvin"
        }
        {
            "TransactionType": "Pay Bill",
            "TransID": "SGH8Y7I0C2",
            "TransTime": "20240717151736",
            "TransAmount": "1.00",
            "BusinessShortCode": "4134527",
            "BillRefNumber": "Alvo",
            "InvoiceNumber": "",
            "OrgAccountBalance": "79.00",
            "ThirdPartyTransID": "",
            "MSISDN": "d76766963d0db0f2333b237ab99acdfc98b5a8ba686e58e1afaca11f927fb470",
            "FirstName": "Alvin"
        }
        {
            "TransactionType": "Pay Bill",
            "TransID": "SGH1Y8DIHV",
            "TransTime": "20240717152436",
            "TransAmount": "1.00",
            "BusinessShortCode": "4134527",
            "BillRefNumber": "Alvo",
            "InvoiceNumber": "",
            "OrgAccountBalance": "80.00",
            "ThirdPartyTransID": "",
            "MSISDN": "d76766963d0db0f2333b237ab99acdfc98b5a8ba686e58e1afaca11f927fb470",
            "FirstName": "Alvin"
        }
        {
            "TransactionType": "Pay Bill",
            "TransID": "SGH8YA83KS",
            "TransTime": "20240717153919",
            "TransAmount": "1.00",
            "BusinessShortCode": "4134527",
            "BillRefNumber": "Alvo",
            "InvoiceNumber": "",
            "OrgAccountBalance": "81.00",
            "ThirdPartyTransID": "",
            "MSISDN": "d76766963d0db0f2333b237ab99acdfc98b5a8ba686e58e1afaca11f927fb470",
            "FirstName": "Alvin"
        }
        {
            "TransactionType": "Pay Bill",
            "TransID": "SGH6YBFCPO",
            "TransTime": "20240717154847",
            "TransAmount": "1.00",
            "BusinessShortCode": "4134527",
            "BillRefNumber": "Alvo",
            "InvoiceNumber": "",
            "OrgAccountBalance": "82.00",
            "ThirdPartyTransID": "",
            "MSISDN": "d76766963d0db0f2333b237ab99acdfc98b5a8ba686e58e1afaca11f927fb470",
            "FirstName": "Alvin"
        }
        {
            "TransactionType": "Pay Bill",
            "TransID": "SGH0YE6ZPQ",
            "TransTime": "20240717161159",
            "TransAmount": "1.00",
            "BusinessShortCode": "4134527",
            "BillRefNumber": "254768168060",
            "InvoiceNumber": "",
            "OrgAccountBalance": "84.00",
            "ThirdPartyTransID": "",
            "MSISDN": "d76766963d0db0f2333b237ab99acdfc98b5a8ba686e58e1afaca11f927fb470",
            "FirstName": "Alvin"
        }
        {
            "TransactionType": "Pay Bill",
            "TransID": "SGI93K5FY7",
            "TransTime": "20240718181550",
            "TransAmount": "1.00",
            "BusinessShortCode": "4134527",
            "BillRefNumber": "254768168060",
            "InvoiceNumber": "",
            "OrgAccountBalance": "85.00",
            "ThirdPartyTransID": "",
            "MSISDN": "d76766963d0db0f2333b237ab99acdfc98b5a8ba686e58e1afaca11f927fb470",
            "FirstName": "Alvin"
        }
        {
            "TransactionType": "Pay Bill",
            "TransID": "SGP4SVQ12G",
            "TransTime": "20240725172020",
            "TransAmount": "1.00",
            "BusinessShortCode": "4134527",
            "BillRefNumber": "UMESKIA SOFTWARES",
            "InvoiceNumber": "",
            "OrgAccountBalance": "86.00",
            "ThirdPartyTransID": "",
            "MSISDN": "d76766963d0db0f2333b237ab99acdfc98b5a8ba686e58e1afaca11f927fb470",
            "FirstName": "Alvin"
        }
        {
            "TransactionType": "Pay Bill",
            "TransID": "SGP8T46DW4",
            "TransTime": "20240725181202",
            "TransAmount": "1.00",
            "BusinessShortCode": "4134527",
            "BillRefNumber": "254768168060",
            "InvoiceNumber": "",
            "OrgAccountBalance": "87.00",
            "ThirdPartyTransID": "",
            "MSISDN": "d76766963d0db0f2333b237ab99acdfc98b5a8ba686e58e1afaca11f927fb470",
            "FirstName": "Alvin"
        }
        {
            "TransactionType": "Pay Bill",
            "TransID": "SGP9TFQ1OT",
            "TransTime": "20240725191141",
            "TransAmount": "1.00",
            "BusinessShortCode": "4134527",
            "BillRefNumber": "254718167262",
            "InvoiceNumber": "",
            "OrgAccountBalance": "88.00",
            "ThirdPartyTransID": "",
            "MSISDN": "42e1ee1ded38c2e425853fb8d3c9ccff4b896bf06733e3cefa7ebe91f05437ce",
            "FirstName": "KEMUNTO"
        }
        {
            "TransactionType": "Pay Bill",
            "TransID": "SGT787LVWX",
            "TransTime": "20240729125044",
            "TransAmount": "1.00",
            "BusinessShortCode": "4134527",
            "BillRefNumber": "SPD101",
            "InvoiceNumber": "",
            "OrgAccountBalance": "89.00",
            "ThirdPartyTransID": "",
            "MSISDN": "42e1ee1ded38c2e425853fb8d3c9ccff4b896bf06733e3cefa7ebe91f05437ce",
            "FirstName": "KEMUNTO"
        }
        {
            "TransactionType": "Pay Bill",
            "TransID": "SGT38EBRZ3",
            "TransTime": "20240729134047",
            "TransAmount": "1.00",
            "BusinessShortCode": "4134527",
            "BillRefNumber": "SPD101",
            "InvoiceNumber": "",
            "OrgAccountBalance": "90.00",
            "ThirdPartyTransID": "",
            "MSISDN": "42e1ee1ded38c2e425853fb8d3c9ccff4b896bf06733e3cefa7ebe91f05437ce",
            "FirstName": "KEMUNTO"
        }
        {
            "TransactionType": "Pay Bill",
            "TransID": "SGT38FV4ZP",
            "TransTime": "20240729135153",
            "TransAmount": "5.00",
            "BusinessShortCode": "4134527",
            "BillRefNumber": "SPD101",
            "InvoiceNumber": "",
            "OrgAccountBalance": "95.00",
            "ThirdPartyTransID": "",
            "MSISDN": "42e1ee1ded38c2e425853fb8d3c9ccff4b896bf06733e3cefa7ebe91f05437ce",
            "FirstName": "KEMUNTO"
        }
        {
            "TransactionType": "Pay Bill",
            "TransID": "SGT38MFC33",
            "TransTime": "20240729144059",
            "TransAmount": "3.00",
            "BusinessShortCode": "4134527",
            "BillRefNumber": "254718167262",
            "InvoiceNumber": "",
            "OrgAccountBalance": "98.00",
            "ThirdPartyTransID": "",
            "MSISDN": "42e1ee1ded38c2e425853fb8d3c9ccff4b896bf06733e3cefa7ebe91f05437ce",
            "FirstName": "KEMUNTO"
        }
        {
            "TransactionType": "Pay Bill",
            "TransID": "SGT58MR2BP",
            "TransTime": "20240729144322",
            "TransAmount": "3.00",
            "BusinessShortCode": "4134527",
            "BillRefNumber": "254718167262",
            "InvoiceNumber": "",
            "OrgAccountBalance": "101.00",
            "ThirdPartyTransID": "",
            "MSISDN": "42e1ee1ded38c2e425853fb8d3c9ccff4b896bf06733e3cefa7ebe91f05437ce",
            "FirstName": "KEMUNTO"
        }
        {
            "TransactionType": "Pay Bill",
            "TransID": "SGT78OYCIV",
            "TransTime": "20240729150001",
            "TransAmount": "5.00",
            "BusinessShortCode": "4134527",
            "BillRefNumber": "254718167262",
            "InvoiceNumber": "",
            "OrgAccountBalance": "106.00",
            "ThirdPartyTransID": "",
            "MSISDN": "42e1ee1ded38c2e425853fb8d3c9ccff4b896bf06733e3cefa7ebe91f05437ce",
            "FirstName": "KEMUNTO"
        }
        {
            "TransactionType": "Pay Bill",
            "TransID": "SGT38TGP4B",
            "TransTime": "20240729153441",
            "TransAmount": "5.00",
            "BusinessShortCode": "4134527",
            "BillRefNumber": "254718167262",
            "InvoiceNumber": "",
            "OrgAccountBalance": "111.00",
            "ThirdPartyTransID": "",
            "MSISDN": "42e1ee1ded38c2e425853fb8d3c9ccff4b896bf06733e3cefa7ebe91f05437ce",
            "FirstName": "KEMUNTO"
        }
        {
            "TransactionType": "Pay Bill",
            "TransID": "SGT28TODQM",
            "TransTime": "20240729153616",
            "TransAmount": "5.00",
            "BusinessShortCode": "4134527",
            "BillRefNumber": "254718167262",
            "InvoiceNumber": "",
            "OrgAccountBalance": "116.00",
            "ThirdPartyTransID": "",
            "MSISDN": "42e1ee1ded38c2e425853fb8d3c9ccff4b896bf06733e3cefa7ebe91f05437ce",
            "FirstName": "KEMUNTO"
        }
        {
            "TransactionType": "Pay Bill",
            "TransID": "SGU8CN9LV2",
            "TransTime": "20240730152758",
            "TransAmount": "1.00",
            "BusinessShortCode": "4134527",
            "BillRefNumber": "ACC70029",
            "InvoiceNumber": "",
            "OrgAccountBalance": "117.00",
            "ThirdPartyTransID": "",
            "MSISDN": "dda0ac5e565b39edbbace874ec241f99f8769ee640009988f49ead96b47b9d88",
            "FirstName": "Brian"
        }
        {
            "TransactionType": "Pay Bill",
            "TransID": "SGU4CNJL2M",
            "TransTime": "20240730153001",
            "TransAmount": "1.00",
            "BusinessShortCode": "4134527",
            "BillRefNumber": "ACC97553",
            "InvoiceNumber": "",
            "OrgAccountBalance": "118.00",
            "ThirdPartyTransID": "",
            "MSISDN": "dda0ac5e565b39edbbace874ec241f99f8769ee640009988f49ead96b47b9d88",
            "FirstName": "Brian"
        }
        {
            "TransactionType": "Pay Bill",
            "TransID": "SGU0EIPGT8",
            "TransTime": "20240730222712",
            "TransAmount": "3.00",
            "BusinessShortCode": "4134527",
            "BillRefNumber": "254718167262",
            "InvoiceNumber": "",
            "OrgAccountBalance": "121.00",
            "ThirdPartyTransID": "",
            "MSISDN": "42e1ee1ded38c2e425853fb8d3c9ccff4b896bf06733e3cefa7ebe91f05437ce",
            "FirstName": "KEMUNTO"
        }
        {
            "TransactionType": "Pay Bill",
            "TransID": "SGV9EN6I21",
            "TransTime": "20240731000322",
            "TransAmount": "5.00",
            "BusinessShortCode": "4134527",
            "BillRefNumber": "254718167262",
            "InvoiceNumber": "",
            "OrgAccountBalance": "126.00",
            "ThirdPartyTransID": "",
            "MSISDN": "42e1ee1ded38c2e425853fb8d3c9ccff4b896bf06733e3cefa7ebe91f05437ce",
            "FirstName": "KEMUNTO"
        }
        {
            "TransactionType": "Pay Bill",
            "TransID": "SHE63VLS1M",
            "TransTime": "20240814225116",
            "TransAmount": "10.00",
            "BusinessShortCode": "4134527",
            "BillRefNumber": "254797600261",
            "InvoiceNumber": "",
            "OrgAccountBalance": "40.00",
            "ThirdPartyTransID": "",
            "MSISDN": "afd3b20cae43c905b222bffe0a81b7fab50938bd16374e5035dc0a68f49504da",
            "FirstName": "JONATHAN"
        }
        {
            "TransactionType": "Pay Bill",
            "TransID": "SHF14E0JOP",
            "TransTime": "20240815083753",
            "TransAmount": "10.00",
            "BusinessShortCode": "4134527",
            "BillRefNumber": "254797600261",
            "InvoiceNumber": "",
            "OrgAccountBalance": "50.00",
            "ThirdPartyTransID": "",
            "MSISDN": "afd3b20cae43c905b222bffe0a81b7fab50938bd16374e5035dc0a68f49504da",
            "FirstName": "JONATHAN"
        }
        {
            "TransactionType": "Pay Bill",
            "TransID": "SHF24QNO5A",
            "TransTime": "20240815102625",
            "TransAmount": "10.00",
            "BusinessShortCode": "4134527",
            "BillRefNumber": "254797600261",
            "InvoiceNumber": "",
            "OrgAccountBalance": "60.00",
            "ThirdPartyTransID": "",
            "MSISDN": "afd3b20cae43c905b222bffe0a81b7fab50938bd16374e5035dc0a68f49504da",
            "FirstName": "JONATHAN"
        }
        {
            "TransactionType": "Pay Bill",
            "TransID": "SHF75S1QXJ",
            "TransTime": "20240815151335",
            "TransAmount": "20.00",
            "BusinessShortCode": "4134527",
            "BillRefNumber": "254703185415",
            "InvoiceNumber": "",
            "OrgAccountBalance": "80.00",
            "ThirdPartyTransID": "",
            "MSISDN": "059e7934e89c7e2d4a8116b74450f910dc4462 ***** 574c5fc1160fafa567393",
            "FirstName": "EUVEX"
        }
        {
            "TransactionType": "Pay Bill",
            "TransID": "SHF25TXP5K",
            "TransTime": "20240815152806",
            "TransAmount": "10.00",
            "BusinessShortCode": "4134527",
            "BillRefNumber": "254799877553",
            "InvoiceNumber": "",
            "OrgAccountBalance": "90.00",
            "ThirdPartyTransID": "",
            "MSISDN": "18b1e6a19fcfe8d7ac2c439d0508ab19fb365a21441bae10bea5bd63294bfffc",
            "FirstName": "GRAVINS"
        }
        {
            "TransactionType": "Pay Bill",
            "TransID": "SHF06PVOA4",
            "TransTime": "20240815184932",
            "TransAmount": "20.00",
            "BusinessShortCode": "4134527",
            "BillRefNumber": "254701095404",
            "InvoiceNumber": "",
            "OrgAccountBalance": "110.00",
            "ThirdPartyTransID": "",
            "MSISDN": "d5ab5bddd38a10bdc0a881915a76ef4b5fb3d418ba6b5aa9bc5cdc7fc4ebfb83",
            "FirstName": "CHRISTINE"
        }
        {
            "TransactionType": "Pay Bill",
            "TransID": "SHF8774816",
            "TransTime": "20240815201311",
            "TransAmount": "10.00",
            "BusinessShortCode": "4134527",
            "BillRefNumber": "254799877553",
            "InvoiceNumber": "",
            "OrgAccountBalance": "120.00",
            "ThirdPartyTransID": "",
            "MSISDN": "18b1e6a19fcfe8d7ac2c439d0508ab19fb365a21441bae10bea5bd63294bfffc",
            "FirstName": "GRAVINS"
        }
        {
            "TransactionType": "Pay Bill",
            "TransID": "SHF27FK154",
            "TransTime": "20240815210504",
            "TransAmount": "10.00",
            "BusinessShortCode": "4134527",
            "BillRefNumber": "254797600261",
            "InvoiceNumber": "",
            "OrgAccountBalance": "130.00",
            "ThirdPartyTransID": "",
            "MSISDN": "afd3b20cae43c905b222bffe0a81b7fab50938bd16374e5035dc0a68f49504da",
            "FirstName": "JONATHAN"
        }
        {
            "TransactionType": "Pay Bill",
            "TransID": "SHF97G2NND",
            "TransTime": "20240815210843",
            "TransAmount": "10.00",
            "BusinessShortCode": "4134527",
            "BillRefNumber": "254797600261",
            "InvoiceNumber": "",
            "OrgAccountBalance": "140.00",
            "ThirdPartyTransID": "",
            "MSISDN": "afd3b20cae43c905b222bffe0a81b7fab50938bd16374e5035dc0a68f49504da",
            "FirstName": "JONATHAN"
        }
        {
            "TransactionType": "Pay Bill",
            "TransID": "SHF07H893G",
            "TransTime": "20240815211709",
            "TransAmount": "10.00",
            "BusinessShortCode": "4134527",
            "BillRefNumber": "254799877553",
            "InvoiceNumber": "",
            "OrgAccountBalance": "150.00",
            "ThirdPartyTransID": "",
            "MSISDN": "18b1e6a19fcfe8d7ac2c439d0508ab19fb365a21441bae10bea5bd63294bfffc",
            "FirstName": "GRAVINS"
        }
        {
            "TransactionType": "Pay Bill",
            "TransID": "SHF87IL8Z4",
            "TransTime": "20240815212707",
            "TransAmount": "10.00",
            "BusinessShortCode": "4134527",
            "BillRefNumber": "254797600261",
            "InvoiceNumber": "",
            "OrgAccountBalance": "160.00",
            "ThirdPartyTransID": "",
            "MSISDN": "afd3b20cae43c905b222bffe0a81b7fab50938bd16374e5035dc0a68f49504da",
            "FirstName": "JONATHAN"
        }
        {
            "TransactionType": "Pay Bill",
            "TransID": "SHG38UXEBR",
            "TransTime": "20240816113011",
            "TransAmount": "10.00",
            "BusinessShortCode": "4134527",
            "BillRefNumber": "254797600261",
            "InvoiceNumber": "",
            "OrgAccountBalance": "170.00",
            "ThirdPartyTransID": "",
            "MSISDN": "afd3b20cae43c905b222bffe0a81b7fab50938bd16374e5035dc0a68f49504da",
            "FirstName": "JONATHAN"
        }
        {
            "TransactionType": "Pay Bill",
            "TransID": "SHG79H27JD",
            "TransTime": "20240816141431",
            "TransAmount": "10.00",
            "BusinessShortCode": "4134527",
            "BillRefNumber": "254797600261",
            "InvoiceNumber": "",
            "OrgAccountBalance": "180.00",
            "ThirdPartyTransID": "",
            "MSISDN": "afd3b20cae43c905b222bffe0a81b7fab50938bd16374e5035dc0a68f49504da",
            "FirstName": "JONATHAN"
        }
        {
            "TransactionType": "Pay Bill",
            "TransID": "SHG7AP8ZYP",
            "TransTime": "20240816185602",
            "TransAmount": "20.00",
            "BusinessShortCode": "4134527",
            "BillRefNumber": "254757373358",
            "InvoiceNumber": "",
            "OrgAccountBalance": "200.00",
            "ThirdPartyTransID": "",
            "MSISDN": "44d4e4c9acd3cd9b46c1066b23df9115816be654cab3428b9bbfaf0f0e12d862",
            "FirstName": "CHRISTINE"
        }
        {
            "TransactionType": "Pay Bill",
            "TransID": "SHG2BDJHUW",
            "TransTime": "20240816205638",
            "TransAmount": "10.00",
            "BusinessShortCode": "4134527",
            "BillRefNumber": "254797600261",
            "InvoiceNumber": "",
            "OrgAccountBalance": "210.00",
            "ThirdPartyTransID": "",
            "MSISDN": "afd3b20cae43c905b222bffe0a81b7fab50938bd16374e5035dc0a68f49504da",
            "FirstName": "JONATHAN"
        }
        {
            "TransactionType": "Pay Bill",
            "TransID": "SHG9BFO86P",
            "TransTime": "20240816211011",
            "TransAmount": "10.00",
            "BusinessShortCode": "4134527",
            "BillRefNumber": "254797600261",
            "InvoiceNumber": "",
            "OrgAccountBalance": "220.00",
            "ThirdPartyTransID": "",
            "MSISDN": "afd3b20cae43c905b222bffe0a81b7fab50938bd16374e5035dc0a68f49504da",
            "FirstName": "JONATHAN"
        }
        {
            "TransactionType": "Pay Bill",
            "TransID": "SHG9BL7EOH",
            "TransTime": "20240816215012",
            "TransAmount": "10.00",
            "BusinessShortCode": "4134527",
            "BillRefNumber": "254710379196",
            "InvoiceNumber": "",
            "OrgAccountBalance": "230.00",
            "ThirdPartyTransID": "",
            "MSISDN": "b7d2f89fbb389f1b18333a7a86c20b8276de350f8988c6a2e15342ec690bae0a",
            "FirstName": "EUNICE"
        }
        {
            "TransactionType": "Pay Bill",
            "TransID": "SHG5BMQJL1",
            "TransTime": "20240816220227",
            "TransAmount": "10.00",
            "BusinessShortCode": "4134527",
            "BillRefNumber": "254702820961",
            "InvoiceNumber": "",
            "OrgAccountBalance": "240.00",
            "ThirdPartyTransID": "",
            "MSISDN": "4f4ba7f5500e2a4050 ***** 25225c85570b7ebdd92df23da46f531d22dd575ed",
            "FirstName": "asha"
        }
        {
            "TransactionType": "Pay Bill",
            "TransID": "SHH3CJPQTR",
            "TransTime": "20240817094950",
            "TransAmount": "10.00",
            "BusinessShortCode": "4134527",
            "BillRefNumber": "254797600261",
            "InvoiceNumber": "",
            "OrgAccountBalance": "250.00",
            "ThirdPartyTransID": "",
            "MSISDN": "afd3b20cae43c905b222bffe0a81b7fab50938bd16374e5035dc0a68f49504da",
            "FirstName": "JONATHAN"
        }
        {
            "TransactionType": "Pay Bill",
            "TransID": "SHH3EJN75P",
            "TransTime": "20240817182427",
            "TransAmount": "10.00",
            "BusinessShortCode": "4134527",
            "BillRefNumber": "254799877553",
            "InvoiceNumber": "",
            "OrgAccountBalance": "260.00",
            "ThirdPartyTransID": "",
            "MSISDN": "18b1e6a19fcfe8d7ac2c439d0508ab19fb365a21441bae10bea5bd63294bfffc",
            "FirstName": "GRAVINS"
        }
        {
            "TransactionType": "Pay Bill",
            "TransID": "SHH1FIPYFT",
            "TransTime": "20240817213604",
            "TransAmount": "10.00",
            "BusinessShortCode": "4134527",
            "BillRefNumber": "254710379196",
            "InvoiceNumber": "",
            "OrgAccountBalance": "270.00",
            "ThirdPartyTransID": "",
            "MSISDN": "b7d2f89fbb389f1b18333a7a86c20b8276de350f8988c6a2e15342ec690bae0a",
            "FirstName": "EUNICE"
        }
        {
            "TransactionType": "Pay Bill",
            "TransID": "SHI8H6LSWY",
            "TransTime": "20240818135423",
            "TransAmount": "20.00",
            "BusinessShortCode": "4134527",
            "BillRefNumber": "254718167262",
            "InvoiceNumber": "",
            "OrgAccountBalance": "290.00",
            "ThirdPartyTransID": "",
            "MSISDN": "42e1ee1ded38c2e425853fb8d3c9ccff4b896bf06733e3cefa7ebe91f05437ce",
            "FirstName": "KEMUNTO"
        }
        {
            "TransactionType": "Pay Bill",
            "TransID": "SHI9HBMXXD",
            "TransTime": "20240818143310",
            "TransAmount": "10.00",
            "BusinessShortCode": "4134527",
            "BillRefNumber": "254710379196",
            "InvoiceNumber": "",
            "OrgAccountBalance": "300.00",
            "ThirdPartyTransID": "",
            "MSISDN": "b7d2f89fbb389f1b18333a7a86c20b8276de350f8988c6a2e15342ec690bae0a",
            "FirstName": "EUNICE"
        }
        {
            "TransactionType": "Pay Bill",
            "TransID": "SHI5HCB7AN",
            "TransTime": "20240818143815",
            "TransAmount": "20.00",
            "BusinessShortCode": "4134527",
            "BillRefNumber": "254757373358",
            "InvoiceNumber": "",
            "OrgAccountBalance": "320.00",
            "ThirdPartyTransID": "",
            "MSISDN": "44d4e4c9acd3cd9b46c1066b23df9115816be654cab3428b9bbfaf0f0e12d862",
            "FirstName": "CHRISTINE"
        }
        {
            "TransactionType": "Pay Bill",
            "TransID": "SHI7I6QUPR",
            "TransTime": "20240818181721",
            "TransAmount": "10.00",
            "BusinessShortCode": "4134527",
            "BillRefNumber": "254797600261",
            "InvoiceNumber": "",
            "OrgAccountBalance": "330.00",
            "ThirdPartyTransID": "",
            "MSISDN": "afd3b20cae43c905b222bffe0a81b7fab50938bd16374e5035dc0a68f49504da",
            "FirstName": "JONATHAN"
        }
        {
            "TransactionType": "Pay Bill",
            "TransID": "SHI3IGS6SR",
            "TransTime": "20240818191347",
            "TransAmount": "20.00",
            "BusinessShortCode": "4134527",
            "BillRefNumber": "254702820961",
            "InvoiceNumber": "",
            "OrgAccountBalance": "350.00",
            "ThirdPartyTransID": "",
            "MSISDN": "4f4ba7f5500e2a4050 ***** 25225c85570b7ebdd92df23da46f531d22dd575ed",
            "FirstName": "asha"
        }
        {
            "TransactionType": "Pay Bill",
            "TransID": "SHI9J23V27",
            "TransTime": "20240818212118",
            "TransAmount": "10.00",
            "BusinessShortCode": "4134527",
            "BillRefNumber": "254797600261",
            "InvoiceNumber": "",
            "OrgAccountBalance": "360.00",
            "ThirdPartyTransID": "",
            "MSISDN": "afd3b20cae43c905b222bffe0a81b7fab50938bd16374e5035dc0a68f49504da",
            "FirstName": "JONATHAN"
        }
        {
            "TransactionType": "Pay Bill",
            "TransID": "SHJ3LMAEAV",
            "TransTime": "20240819171220",
            "TransAmount": "20.00",
            "BusinessShortCode": "4134527",
            "BillRefNumber": "254757373358",
            "InvoiceNumber": "",
            "OrgAccountBalance": "380.00",
            "ThirdPartyTransID": "",
            "MSISDN": "44d4e4c9acd3cd9b46c1066b23df9115816be654cab3428b9bbfaf0f0e12d862",
            "FirstName": "CHRISTINE"
        }
        {
            "TransactionType": "Pay Bill",
            "TransID": "SHJ1MSCGML",
            "TransTime": "20240819205915",
            "TransAmount": "10.00",
            "BusinessShortCode": "4134527",
            "BillRefNumber": "254797600261",
            "InvoiceNumber": "",
            "OrgAccountBalance": "390.00",
            "ThirdPartyTransID": "",
            "MSISDN": "afd3b20cae43c905b222bffe0a81b7fab50938bd16374e5035dc0a68f49504da",
            "FirstName": "JONATHAN"
        }
        {
            "TransactionType": "Pay Bill",
            "TransID": "SHJ5N1M5V3",
            "TransTime": "20240819221515",
            "TransAmount": "10.00",
            "BusinessShortCode": "4134527",
            "BillRefNumber": "254797600261",
            "InvoiceNumber": "",
            "OrgAccountBalance": "400.00",
            "ThirdPartyTransID": "",
            "MSISDN": "afd3b20cae43c905b222bffe0a81b7fab50938bd16374e5035dc0a68f49504da",
            "FirstName": "JONATHAN"
        }
        {
            "TransactionType": "Pay Bill",
            "TransID": "SHJ6N6ZMAK",
            "TransTime": "20240819235327",
            "TransAmount": "10.00",
            "BusinessShortCode": "4134527",
            "BillRefNumber": "254111614312",
            "InvoiceNumber": "",
            "OrgAccountBalance": "410.00",
            "ThirdPartyTransID": "",
            "MSISDN": "b082c75c7b9058e6c3ec3654c50c8b90edbd0d4c7312812637dabd0b343fbb87",
            "FirstName": "Davine"
        }
        {
            "TransactionType": "Pay Bill",
            "TransID": "SHK9NMZOW3",
            "TransTime": "20240820084408",
            "TransAmount": "10.00",
            "BusinessShortCode": "4134527",
            "BillRefNumber": "254797600261",
            "InvoiceNumber": "",
            "OrgAccountBalance": "420.00",
            "ThirdPartyTransID": "",
            "MSISDN": "afd3b20cae43c905b222bffe0a81b7fab50938bd16374e5035dc0a68f49504da",
            "FirstName": "JONATHAN"
        }
        {
            "TransactionType": "Pay Bill",
            "TransID": "SHK3NNCHLR",
            "TransTime": "20240820084722",
            "TransAmount": "10.00",
            "BusinessShortCode": "4134527",
            "BillRefNumber": "254797600261",
            "InvoiceNumber": "",
            "OrgAccountBalance": "430.00",
            "ThirdPartyTransID": "",
            "MSISDN": "afd3b20cae43c905b222bffe0a81b7fab50938bd16374e5035dc0a68f49504da",
            "FirstName": "JONATHAN"
        }
        {
            "TransactionType": "Pay Bill",
            "TransID": "SHK6NTBT9U",
            "TransTime": "20240820094105",
            "TransAmount": "10.00",
            "BusinessShortCode": "4134527",
            "BillRefNumber": "254799877553",
            "InvoiceNumber": "",
            "OrgAccountBalance": "440.00",
            "ThirdPartyTransID": "",
            "MSISDN": "18b1e6a19fcfe8d7ac2c439d0508ab19fb365a21441bae10bea5bd63294bfffc",
            "FirstName": "GRAVINS"
        }
        {
            "TransactionType": "Pay Bill",
            "TransID": "SHK8PVJXO6",
            "TransTime": "20240820184549",
            "TransAmount": "20.00",
            "BusinessShortCode": "4134527",
            "BillRefNumber": "254757373358",
            "InvoiceNumber": "",
            "OrgAccountBalance": "460.00",
            "ThirdPartyTransID": "",
            "MSISDN": "44d4e4c9acd3cd9b46c1066b23df9115816be654cab3428b9bbfaf0f0e12d862",
            "FirstName": "CHRISTINE"
        }
        {
            "TransactionType": "Pay Bill",
            "TransID": "SHK9QYRCPF",
            "TransTime": "20240820235126",
            "TransAmount": "10.00",
            "BusinessShortCode": "4134527",
            "BillRefNumber": "254111614312",
            "InvoiceNumber": "",
            "OrgAccountBalance": "470.00",
            "ThirdPartyTransID": "",
            "MSISDN": "b082c75c7b9058e6c3ec3654c50c8b90edbd0d4c7312812637dabd0b343fbb87",
            "FirstName": "Davine"
        }
        {
            "TransactionType": "Pay Bill",
            "TransID": "SHL1S1BX71",
            "TransTime": "20240821115524",
            "TransAmount": "10.00",
            "BusinessShortCode": "4134527",
            "BillRefNumber": "254797600261",
            "InvoiceNumber": "",
            "OrgAccountBalance": "480.00",
            "ThirdPartyTransID": "",
            "MSISDN": "afd3b20cae43c905b222bffe0a81b7fab50938bd16374e5035dc0a68f49504da",
            "FirstName": "JONATHAN"
        }
        {
            "TransactionType": "Pay Bill",
            "TransID": "SHL2SPG0NU",
            "TransTime": "20240821145847",
            "TransAmount": "500.00",
            "BusinessShortCode": "4134527",
            "BillRefNumber": "0725220265",
            "InvoiceNumber": "",
            "OrgAccountBalance": "500.00",
            "ThirdPartyTransID": "",
            "MSISDN": "e76f5127e2f4a5bd6d3eb93a065b6e0bf8ad976137570f67ca6e8f05c3fd3d73",
            "FirstName": "JUSTINE"
        }
        {
            "TransactionType": "Pay Bill",
            "TransID": "SHM2V1RYN6",
            "TransTime": "20240822074155",
            "TransAmount": "20.00",
            "BusinessShortCode": "4134527",
            "BillRefNumber": "254757373358",
            "InvoiceNumber": "",
            "OrgAccountBalance": "20.00",
            "ThirdPartyTransID": "",
            "MSISDN": "44d4e4c9acd3cd9b46c1066b23df9115816be654cab3428b9bbfaf0f0e12d862",
            "FirstName": "CHRISTINE"
        }
        {
            "TransactionType": "Pay Bill",
            "TransID": "SHM1WPSKDD",
            "TransTime": "20240822155800",
            "TransAmount": "20.00",
            "BusinessShortCode": "4134527",
            "BillRefNumber": "254113923686",
            "InvoiceNumber": "",
            "OrgAccountBalance": "20.00",
            "ThirdPartyTransID": "",
            "MSISDN": "e43ee43f5776d27d7ac67e47c7f6f7d147a1940fb52b2cc4813b1368feacac9f",
            "FirstName": "DOROTHY"
        }
        {
            "TransactionType": "Pay Bill",
            "TransID": "SHN01QKBZM",
            "TransTime": "20240823164038",
            "TransAmount": "1.00",
            "BusinessShortCode": "4134527",
            "BillRefNumber": "254718167262",
            "InvoiceNumber": "",
            "OrgAccountBalance": "21.00",
            "ThirdPartyTransID": "",
            "MSISDN": "42e1ee1ded38c2e425853fb8d3c9ccff4b896bf06733e3cefa7ebe91f05437ce",
            "FirstName": "KEMUNTO"
        }
        {
            "TransactionType": "Pay Bill",
            "TransID": "SHN21QSHEQ",
            "TransTime": "20240823164209",
            "TransAmount": "1.00",
            "BusinessShortCode": "4134527",
            "BillRefNumber": "254718167262",
            "InvoiceNumber": "",
            "OrgAccountBalance": "22.00",
            "ThirdPartyTransID": "",
            "MSISDN": "42e1ee1ded38c2e425853fb8d3c9ccff4b896bf06733e3cefa7ebe91f05437ce",
            "FirstName": "KEMUNTO"
        }
        {
            "TransactionType": "Pay Bill",
            "TransID": "SHN61SPA66",
            "TransTime": "20240823165437",
            "TransAmount": "10.00",
            "BusinessShortCode": "4134527",
            "BillRefNumber": "254718167262",
            "InvoiceNumber": "",
            "OrgAccountBalance": "32.00",
            "ThirdPartyTransID": "",
            "MSISDN": "42e1ee1ded38c2e425853fb8d3c9ccff4b896bf06733e3cefa7ebe91f05437ce",
            "FirstName": "KEMUNTO"
        }
        {
            "TransactionType": "Pay Bill",
            "TransID": "SHN61Z1SHY",
            "TransTime": "20240823173338",
            "TransAmount": "1.00",
            "BusinessShortCode": "4134527",
            "BillRefNumber": "254718167262",
            "InvoiceNumber": "",
            "OrgAccountBalance": "33.00",
            "ThirdPartyTransID": "",
            "MSISDN": "42e1ee1ded38c2e425853fb8d3c9ccff4b896bf06733e3cefa7ebe91f05437ce",
            "FirstName": "KEMUNTO"
        }
        