{
    "Log_in": "Masuk",
    "Register": "Daftar",
    "Announcement": "Pemberitahuan",
    "Registration_Info": "Info Pendaftaran",
    "Voucher_not_found__please_buy_voucher_befor_register": "Voucher tidak ditemukan, silakan beli voucher sebelum mendaftar",
    "Register_Success__You_can_login_now": "Daftar Sukses! Anda dapat masuk sekarang",
    "Log_in_to_Member_Panel": "Masuk ke Panel Anggota",
    "Register_as_Member": "Daftar sebagai Anggota",
    "Enter_Admin_Area": "Masuk ke Admin Panel",
    "PHPNuxBill": "PHPNuxBill",
    "Username": "Nama Pengguna",
    "Password": "Kata Sandi",
    "Passwords_does_not_match": "Kata sandi tidak cocok",
    "Account_already_axist": "Akun telah ada",
    "Manage": "Mengelola",
    "Submit": "Kirim",
    "Save_Changes": "Simpan Perubahan",
    "Cancel": "Batal",
    "Edit": "Sunting",
    "Delete": "Hapus",
    "Welcome": "Selamat Datang",
    "Data_Created_Successfully": "Data Berhasil Dibuat",
    "Data_Updated_Successfully": "Data Berhasil Diperbarui",
    "Data_Deleted_Successfully": "Data Berhasil Dihapus",
    "Static_Pages": "Halaman Statis",
    "Failed_to_save_page__make_sure_i_can_write_to_folder_pages___i_chmod_664_pages___html_i_": "Gagal menyimpan halaman, pastikan diperbolehkan menulis file di folder pages, <i>chmod 664 pages\/*.html<i>",
    "Saving_page_success": "Menyimpan halaman berhasil",
    "Sometimes_you_need_to_refresh_3_times_until_content_change": "Terkadang Anda perlu menyegarkan 3 kali hingga konten berubah",
    "Dashboard": "Dasbor",
    "Search_Customers___": "Cari Member...",
    "My_Account": "Akun Saya",
    "My_Profile": "Profil Saya",
    "Settings": "Pengaturan",
    "Edit_Profile": "Sunting Profil",
    "Change_Password": "Ganti kata sandi",
    "Logout": "Keluar",
    "Services": "Layanan",
    "Bandwidth_Plans": "Paket Bandwidth",
    "Bandwidth_Name": "Nama Bandwidth",
    "New_Bandwidth": "Bandwidth Baru",
    "Edit_Bandwidth": "Sunting Bandwidth",
    "Add_New_Bandwidth": "Tambahkan Bandwidth Baru",
    "Rate_Download": "Nilai Unduhan",
    "Rate_Upload": "Nilai Unggahan",
    "Name_Bandwidth_Already_Exist": "Nama Bandwidth sudah ada",
    "Hotspot_Plans": "Paket Hotspot",
    "PPPOE_Plans": "Paket PPPoE",
    "Plan_Name": "Nama Paket",
    "New_Service_Plan": "Paket Layanan Baru",
    "Add_Service_Plan": "Tambah Paket Layanan",
    "Edit_Service_Plan": "Sunting Paket Layanan",
    "Name_Plan_Already_Exist": "Nama Paket sudah ada",
    "Plan_Type": "Jenis Paket",
    "Plan_Price": "Harga Paket",
    "Limit_Type": "Tipe Batas",
    "Unlimited": "Tak Terbatas",
    "Limited": "Terbatas",
    "Time_Limit": "Batas waktu",
    "Data_Limit": "Batas Data",
    "Both_Limit": "Membatasi keduanya",
    "Plan_Validity": "Waktu Paket",
    "Select_Bandwidth": "Pilih Bandwidth",
    "Shared_Users": "Berbagi Pelanggan",
    "Choose_User_Type_Sales_to_disable_access_to_Settings": "Pilih Sales untuk menonaktifkan akses ke Pengaturan",
    "Current_Password": "Kata sandi saat ini",
    "New_Password": "Kata sandi baru",
    "Administrator": "Administrator",
    "Sales": "Sales",
    "Member": "Anggota",
    "Confirm_New_Password": "Konfirmasi sandi baru",
    "Confirm_Password": "Konfirmasi sandi",
    "Full_Name": "Nama Lengkap",
    "User_Type": "Tipe Pelanggan",
    "Address": "Alamat",
    "Created_On": "Dibuat pada",
    "Expires_On": "Kedaluwarsa pada",
    "Phone_Number": "Nomor telepon",
    "User_deleted_Successfully": "Pelanggan berhasil dihapus",
    "Full_Administrator": "Administrator Penuh",
    "Keep_Blank_to_do_not_change_Password": "Biarkan kosong apabila tidak ingin mengubah kata sandi",
    "Keep_it_blank_if_you_do_not_want_to_show_currency_code": "Kosongkan jika Anda tidak ingin menampilkan kode mata uang",
    "Theme_Style": "Gaya Tema",
    "Theme_Color": "Warna Tema",
    "Default_Language": "Bahasa Bawaan",
    "Network": "Jaringan",
    "Routers": "Router",
    "IP_Pool": "IP Pool",
    "New_Router": "Router baru",
    "Add_Router": "Tambahkan Router",
    "Edit_Router": "Sunting Router",
    "Router_Name": "Nama Router",
    "IP_Address": "Alamat IP",
    "Router_Secret": "Password Router",
    "Description": "Deskrispi",
    "IP_Router_Already_Exist": "IP Router sudah ada",
    "Name_Pool": "Nama Pool",
    "Range_IP": "Rentang IP",
    "New_Pool": "Pool baru",
    "Add_Pool": "Tambahkan Pool",
    "Edit_Pool": "Sunting Pool",
    "Pool_Name_Already_Exist": "Nama Pool sudah ada",
    "Refill_Account": "Isi Ulang Akun",
    "Recharge_Account": "Isi Ulang Akun",
    "Select_Account": "Pilih Akun",
    "Service_Plan": "Paket Layanan",
    "Recharge": "Isi Ulang",
    "Method": "Metode",
    "Account_Created_Successfully": "Akun berhasil dibuat",
    "Database_Status": "Status Database",
    "Total_Database_Size": "Ukuran total database",
    "Download_Database_Backup": "Unduh cadangan database",
    "Table_Name": "Nama Tabel",
    "Rows": "Baris",
    "Size": "Ukuran",
    "Customer": "Pelanggan",
    "Add_New_Contact": "Tambahkan Kontak Baru",
    "Edit_Contact": "Sunting Kontak",
    "List_Contact": "Daftar Kontak",
    "Manage_Contact": "Kelola Kontak",
    "Reports": "Laporan",
    "Daily_Reports": "Laporan Harian",
    "Period_Reports": "Laporan Periode",
    "All_Transactions": "Semua Transaksi",
    "Total_Income": "Jumlah Pemasukan",
    "All_Transactions_at_Date": "Semua transaksi pada ganggal",
    "Export_for_Print": "Ekspor untuk cetak",
    "Print": "Cetak",
    "Export_to_PDF": "Ekspor ke PDF",
    "Click_Here_to_Print": "Klik Disini untuk mencetak",
    "You_can_use_html_tag": "Anda dapat menggunakan tag HTML",
    "Date_Format": "Format tanggal",
    "Income_Today": "Pendapatan hari ini",
    "Income_This_Month": "Penghasilan bulan ini",
    "Users_Active": "Pelanggan Aktif",
    "Total_Users": "Total Pelanggan",
    "Users": "Pelanggan",
    "Edit_User": "Sunting Pelanggan",
    "Last_Login": "Terakhir Masuk",
    "Administrator_Users": "Pengguna Administrator",
    "Manage_Administrator": "Kelola Administrator",
    "Add_New_Administrator": "Tambahkan Administrator Baru",
    "Localisation": "Lokalisasi",
    "Backup_Restore": "Cadangkan\/Pulihkan",
    "General_Settings": "Pengaturan Umum",
    "Date": "Tanggal",
    "Login_Successful": "Berhasil Masuk",
    "Failed_Login": "Gagal Masuk",
    "Settings_Saved_Successfully": "Pengaturan Berhasil Disimpan",
    "User_Updated_Successfully": "Pengguna Berhasil Diperbarui",
    "User_Expired__Today": "Pengguna Kedaluwarsa, Hari Ini",
    "Activity_Log": "Log Aktivitas",
    "View_Reports": "Lihat Laporan",
    "View_All": "Lihat semua",
    "Number_of_Vouchers": "Jumlah Voucher",
    "Length_Code": "Panjang Kode",
    "Code_Voucher": "Kode Voucher",
    "Voucher": "Voucher",
    "Hotspot_Voucher": "Voucher Hotspot",
    "Status_Voucher": "Voucher Status",
    "Add_Vouchers": "Tambah Voucher",
    "Create_Vouchers_Successfully": "Buat Voucher Berhasil",
    "Generate": "Menghasilkan",
    "Print_side_by_side__it_will_easy_to_cut": "Info Cetak",
    "From_Date": "Dari tanggal",
    "To_Date": "Hingga saat ini",
    "New_Service": "Layanan Baru",
    "Type": "Jenis",
    "Finish": "Menyelesaikan",
    "Application_Name__Company_Name": "Nama Aplikasi\/ Nama Perusahaan",
    "This_Name_will_be_shown_on_the_Title": "Nama ini akan ditampilkan pada Judul",
    "Next": "Berikutnya",
    "Last": "Terakhir",
    "Timezone": "Zona waktu",
    "Decimal_Point": "Titik Desimal",
    "Thousands_Separator": "Pemisah Ribuan",
    "Currency_Code": "Kode Mata Uang",
    "Order_Voucher": "Pesan Voucher",
    "Voucher_Activation": "Aktivasi Voucher",
    "List_Activated_Voucher": "Daftar Voucher yang diaktifkan",
    "Enter_voucher_code_here": "Masukkan kode voucher di sini",
    "Private_Message": "Pesan Pribadi",
    "Inbox": "Kotak Masuk",
    "Outbox": "Kotak Keluar",
    "Compose": "Menyusun",
    "Send_to": "Kirim ke",
    "Title": "Judul",
    "Message": "Pesan",
    "Your_Account_Information": "Informasi Akun Anda",
    "Welcome_to_the_Panel_Members_page__on_this_page_you_can_": "Selamat datang di halaman Anggota Panel, di halaman ini Anda dapat:",
    "Invalid_Username_or_Password": "Nama pengguna atau kata sandi salah",
    "You_do_not_have_permission_to_access_this_page": "Anda tidak memiliki izin untuk mengakses halaman ini",
    "Incorrect_Current_Password": "Kata sandi saat ini salah",
    "Password_changed_successfully__Please_login_again": "Kata sandi berhasil diubah, silakan login kembali",
    "All_field_is_required": "Semua bidang wajib diisi",
    "Voucher_Not_Valid": "Voucher tidak berlaku",
    "Activation_Vouchers_Successfully": "Aktivasi Voucher Berhasil",
    "Data_Not_Found": "Data tidak ditemukan",
    "Search_by_Username": "Cari berdasarkan nama pengguna",
    "Search_by_Name": "Cari berdasarkan nama",
    "Search_by_Code_Voucher": "Cari berdasarkan kode voucher",
    "Search": "Mencari",
    "Select_a_customer": "Pilih pelanggan",
    "Select_Routers": "Pilih Router",
    "Select_Plans": "Pilih Paket",
    "Select_Pool": "Pilih Pool",
    "Hrs": "Jam",
    "Mins": "Menit",
    "Days": "Hari",
    "Months": "Bulan",
    "Add_Language": "Tambahkan Bahasa",
    "Language_Name": "Nama Bahasa",
    "Folder_Name": "Nama Folder",
    "Translator": "Penerjemah",
    "Language_Name_Already_Exist": "Nama Bahasa sudah ada",
    "Payment_Gateway": "Gerbang Pembayaran",
    "Community": "Komunitas",
    "1_user_can_be_used_for_many_devices_": "1 pengguna bisa digunakan untuk banyak perangkat?",
    "Cannot_be_change_after_saved": "Tidak dapat diubah setelah disimpan",
    "Explain_Coverage_of_router": "Jelaskan cakupan router",
    "Name_of_Area_that_router_operated": "Nama area tempat router dioperasikan",
    "Payment_Notification_URL__Recurring_Notification_URL__Pay_Account_Notification_URL": "URL notifikasi pembayaran, URL notifikasi berulang, URL notifikasi akun bayar",
    "Finish_Redirect_URL__Unfinish_Redirect_URL__Error_Redirect_URL": "Selesaikan URL pengalihan, selesaikan URL pengalihan, URL pengalihan kesalahan",
    "Status": "Status",
    "Plan_Not_found": "Paket tidak ditemukan",
    "Failed_to_create_transaction_": "Gagal membuat transaksi.",
    "Seller_has_not_yet_setup_Xendit_payment_gateway": "Penjual belum menyiapkan gateway pembayaran Xendit",
    "Admin_has_not_yet_setup_Xendit_payment_gateway__please_tell_admin": "Admin belum menyiapkan gerbang pembayaran Xendit, mohon beritahu Admin",
    "Buy_this__your_active_package_will_be_overwrite": "Beli ini? Paket aktif Anda akan ditimpa",
    "You_already_have_unpaid_transaction__cancel_it_or_pay_it_": "Anda sudah memiliki transaksi yang belum dibayar, batalkan atau bayar.",
    "Transaction_Not_found": "Transaksi tidak ditemukan",
    "Cancel_it_": "Batalkan itu?",
    "expired": "Kedaluwarsa",
    "Check_for_Payment": "Periksa Pembayaran",
    "Transaction_still_unpaid_": "Transaksi masih belum dibayar.",
    "Paid_Date": "Tanggal Pembayaran",
    "Transaction_has_been_paid_": "Transaksi telah dibayar.",
    "PAID": "DIBAYAR",
    "CANCELED": "DIBATALKAN",
    "UNPAID": "BELUM DIBAYAR",
    "PAY_NOW": "BAYAR SEKARANG",
    "Buy_Hotspot_Plan": "Beli Paket Hotspot",
    "Buy_PPOE_Plan": "Beli Paket PPPoE",
    "Package": "Paket",
    "Order_Internet_Package": "Pesan Paket Internet",
    "Unknown_Command_": "Perintah tidak diketahui.",
    "Checking_payment": "Memeriksa pembayaran",
    "Create_Transaction_Success": "Transaksi berhasil dibuat",
    "You_have_unpaid_transaction": "Anda memiliki transaksi yang belum dibayar",
    "TripayPayment_Channel": "Saluran Pembayaran Tripay",
    "Payment_Channel": "Saluran Pembayaran",
    "Payment_check_failed_": "Pemeriksaan pembayaran gagal.",
    "Order_Package": "Pesan Paket",
    "Transactions": "Transaksi",
    "Payments": "Pembayaran",
    "History": "Riwayat",
    "Order_History": "Riwayat Pesanan",
    "Gateway": "Gerbang",
    "Date_Done": "Tanggal Selesai",
    "Unpaid_Order": "Pesanan Belum Dibayar",
    "Payment_Gateway_Not_Found": "Gerbang Pembayaran tidak ditemukan",
    "Payment_Gateway_saved_successfully": "Gerbang Pembayaran berhasil disimpan",
    "ORDER": "MEMESAN",
    "Package_History": "Riwayat Paket",
    "Buy_History": "Riwayat Beli",
    "Activation_History": "Riwayat Aktivasi",
    "Buy_Package": "Beli Paket",
    "Email": "Email",
    "Company_Footer": "Catatan Kaki Perusahaan",
    "Will_show_below_user_pages": "Akan ditampilkan dibawah halaman pengguna",
    "Request_OTP": "Minta OTP",
    "Verification_Code": "Kode Verifikasi",
    "SMS_Verification_Code": "Kode Verifikasi SMS",
    "Please_enter_your_email_address": "Silakan masukkan alamat email Anda",
    "Failed_to_create_Paypal_transaction_": "Gagal membuat transaksi Paypal.",
    "Plugin": "Plugin",
    "Plugin_Manager": "Manajer Plugin",
    "User_Notification": "Pemberitahuan Pelanggan",
    "Expired_Notification": "Pemberitahuan Kedaluwarsa",
    "User_will_get_notification_when_package_expired": "Pengguna akan mendapat notifikasi ketika paket sudah habis masa berlakunya",
    "Expired_Notification_Message": "Pesan Pemberitahuan Kedaluwarsa",
    "Payment_Notification": "Notifikasi Pembayaran",
    "User_will_get_invoice_notification_when_buy_package_or_package_refilled": "Pengguna akan mendapatkan notifikasi invoice saat membeli paket atau isi ulang paket",
    "Current_IP": "IP saat ini",
    "Current_MAC": "MAC saat ini",
    "Login_Status": "Status Masuk",
    "Login_Request_successfully": "Permintaan masuk berhasil",
    "Logout_Request_successfully": "Permintaan keluar berhasil",
    "Disconnect_Internet_": "Putuskan sambungan internet?",
    "Not_Online__Login_now_": "Tidak, masuk sekarang?",
    "You_are_Online__Logout_": "Kamu sedang aktif, ingin keluar?",
    "Connect_to_Internet_": "Hubungkan ke Internet?",
    "Your_account_not_connected_to_internet": "Akun Anda tidak terhubung ke internet",
    "Failed_to_create_transaction__": "Gagal membuat transaksi. ",
    "Failed_to_check_status_transaction__": "Gagal memeriksa status transaksi.",
    "Disable_Voucher": "Nonaktifkan Voucher",
    "Balance": "Saldo",
    "Balance_System": "Saldo Sistem",
    "Enable_System": "Aktifkan Sistem",
    "Allow_Transfer": "Izinkan Transfer",
    "Telegram_Notification": "Pemberitahuan Telegram",
    "SMS_OTP_Registration": "Pendaftaran SMS OTP",
    "Whatsapp_Notification": "Pemberitahuan WhatsApp",
    "Tawk_to_Chat_Widget": "Widget Obrolan Tawk.to",
    "Invoice": "Faktur",
    "Country_Code_Phone": "Kode Negara Telepon",
    "Voucher_activation_menu_will_be_hidden": "Menu aktivasi voucher akan disembunyikan",
    "Customer_can_deposit_money_to_buy_voucher": "Pelanggan dapat menyetor uang untuk membeli voucher",
    "Allow_balance_transfer_between_customers": "Izinkan transfer saldo antar pelanggan",
    "Reminder_Notification": "Pemberitahuan Pengingat",
    "Reminder_Notification_Message": "Pesan Pemberitahuan Pengingat",
    "Reminder_7_days": "Pengingat 7 hari",
    "Reminder_3_days": "Pengingat 3 hari",
    "Reminder_1_day": "Pengingat 1 hari",
    "PPPOE_Password": "Kata sandi PPPoE",
    "User_Cannot_change_this__only_admin__if_it_Empty_it_will_use_user_password": "Pelanggan tidak dapat mengubah ini, hanya Admin. Jika kosong maka akan menggunakan kata sandi pelanggan",
    "Invoice_Balance_Message": "Faktur Pesan Saldo",
    "Invoice_Notification_Payment": "Faktur Pemberitahuan Pembayaran",
    "Balance_Notification_Payment": "Saldo Pemberitahuan Pembayaran",
    "Balance_Plans": "Paket Saldo",
    "Buy_Balance": "Beli Saldo",
    "Price": "Harga",
    "Validity": "Waktu",
    "Disable_auto_renewal_": "Nonaktifkan perpanjangan otomatis?",
    "Auto_Renewal_On": "Perpanjangan otomatis aktif",
    "Enable_auto_renewal_": "Aktifkan perpanjangan otomatis?",
    "Auto_Renewal_Off": "Perpanjangan otomatis mati",
    "Refill_Balance": "Isi Ulang Saldo",
    "Invoice_Footer": "Catatan Kaki Faktur",
    "Pay_With_Balance": "Bayar dengan Saldo",
    "Pay_this_with_Balance__your_active_package_will_be_overwrite": "Bayar ini dengan Saldo? Paket aktif Anda akan ditimpa",
    "Success_to_buy_package": "Berhasil membeli paket",
    "Auto_Renewal": "Perpanjangan otomatis",
    "View": "Melihat",
    "Back": "Kembali",
    "Active": "Aktif",
    "Transfer_Balance": "Kirim saldo",
    "Send_your_balance_": "Kirim saldo Anda?",
    "Send": "Kirim",
    "Cannot_send_to_yourself": "Tidak dapat mengirim ke diri Anda sendiri",
    "Sending_balance_success": "Berhasil mengirim saldo",
    "From": "Dari",
    "To": "Ke",
    "insufficient_balance": "Saldo tidak mencukupi",
    "Send_Balance": "Kirim saldo",
    "Received_Balance": "Saldo yang diterima",
    "Minimum_Balance_Transfer": "Minimal transfer saldo",
    "Minimum_Transfer": "Minimal Transfer",
    "Company_Logo": "Logo Perusahaan",
    "Expired_IP_Pool": "IP Pool Kedaluwarsa",
    "Proxy": "Proksi",
    "Proxy_Server": "Server Proksi",
    "Proxy_Server_Login": "Masuk Server Proksi",
    "Hotspot_Plan": "Paket Hotspot",
    "PPPOE_Plan": "Paket PPPoE",
    "UNKNOWN": "TIDAK DIKENAL",
    "Are_You_Sure_": "Apa kamu yakin?",
    "Success_to_send_package": "Berhasil mengirim paket",
    "Target_has_active_plan__different_with_current_plant_": "Target mempunyai paket aktif, berbeda dengan paket saat ini.",
    "Recharge_a_friend": "Isi ulang teman",
    "Buy_for_friend": "Beli untuk teman",
    "Buy_this_for_friend_account_": "Beli ini untuk akun teman?",
    "Review_package_before_recharge": "Tinjau paket sebelum mengisi ulang",
    "Activate": "Mengaktifkan paket",
    "Deactivate": "Menonaktifkan paket",
    "Sync": "Sinkronisasi",
    "Failed_to_create_PaymeTrust_transaction_": "Gagal membuat transaksi PaymeTrust.",
    "Location": "Lokasi",
    "Radius_Plans": "Paket Radius",
    "Change_title_in_user_Plan_order": "Ubah Judul dalam urutan paket pelanggan",
    "Logs": "Log",
    "Voucher_Format": "Format Voucher",
    "Resend_To_Customer": "Kirim Ulang Ke Pelanggan",
    "Service_Type": "Jenis Layanan",
    "Others": "Lainnya",
    "PPPoE": "PPPoE",
    "Hotspot": "Hotspot",
    "Monthly_Registered_Customers": "Pendaftaran Pelanggan perbulan",
    "Total_Monthly_Sales": "Total penjualan perbulan",
    "Active_Users": "Pelanggan Aktif",
    "SuperAdmin": "Super Admin",
    "Lists": "Daftar",
    "Vouchers": "Voucher",
    "Refill_Customer": "Isi Ulang Pelanggan",
    "Recharge_Customer": "Isi Ulang Pelanggan",
    "Plans": "Paket",
    "PPPOE": "PPPOE",
    "Bandwidth": "Bandwidth",
    "Send_Message": "Mengirim pesan",
    "Single_Customer": "Pelanggan Tunggal",
    "Bulk_Customers": "Pelanggan Massal",
    "Radius": "Radius",
    "Radius_NAS": "Radius NAS",
    "Customer_Announcement": "Pengumuman Pelanggan",
    "Language_Editor": "Editor Bahasa",
    "Plan_Category": "Kategori Paket",
    "ID": "ID",
    "Prev": "Sebelumnya",
    "Internet_Plan": "Paket Internet",
    "Generated_By": "Dihasilkan oleh",
    "All_Users_Insights": "Semua Wawasan Pengguna",
    "year": "Tahun",
    "month": "Bulan",
    "week": "Pekan",
    "day": "Hari",
    "hour": "Jam",
    "minute": "Menit",
    "second": "Detik",
    "Account_Type": "Jenis akun",
    "Contact": "Kontak",
    "Paid": "Dibayar",
    "Personal": "Pribadi",
    "Coordinates": "Koordinat",
    "Confirm": "Mengonfirmasi",
    "Name": "Nama",
    "Plan": "Paket",
    "Using": "Menggunakan",
    "Total": "Total",
    "Additional_Cost": "Biaya tambahan",
    "Resend": "Kirim ulang",
    "Login": "Masuk",
    "success": "Sukses",
    "Click_Here": "Klik disini",
    "Your_friend_do_not_have_active_package": "Teman Anda tidak memiliki paket aktif",
    "If_your_friend_have_Additional_Cost__you_will_pay_for_that_too": "Jika teman Anda memiliki biaya tambahan, Anda juga akan membayarnya",
    "Select_Payment_Gateway": "Pilih Gerbang Pembayaran",
    "Available_Payment_Gateway": "Gerbang Pembayaran yang tersedia",
    "Pay_Now": "Bayar sekarang",
    "Notes": "Catatan",
    "will_be_replaced_with_Customer_Name": "akan diganti dengan nama Pelanggan",
    "will_be_replaced_with_Customer_username": "akan diganti dengan nama pengguna Pelanggan",
    "will_be_replaced_with_Package_name": "akan diganti dengan nama paket",
    "will_be_replaced_with_Package_price": "akan diganti dengan harga Paket",
    "will_be_replaced_with_Expiration_date": "akan diganti dengan tanggal kedaluwarsa",
    "additional_bills_for_customers": "tagihan tambahan untuk pelanggan",
    "Your_Company_Name_at_Settings": "Nama Perusahaan Anda di pengaturan",
    "Your_Company_Address_at_Settings": "Alamat Perusahaan Anda di pengaturan",
    "Your_Company_Phone_at_Settings": "Telepon Perusahaan Anda di pengaturan",
    "Invoice_number": "Nomor faktur",
    "Date_invoice_created": "Tanggal faktur dibuat",
    "Payment_gateway_user_paid_from": "Pengguna gateway pembayaran membayar dari",
    "Payment_channel_user_paid_from": "Pengguna saluran pembayaran membayar dari",
    "is_Hotspot_or_PPPOE": "adalah Hotspot atau PPPOE",
    "Internet_Package": "Paket internet",
    "Internet_Package_Prices": "Harga paket internet",
    "Receiver_name": "Nama penerima",
    "Username_internet": "Nama pengguna internet",
    "User_password": "Kata sandi pengguna",
    "Transaction_datetime": "Tanggal waktu transaksi",
    "Balance_Before": "Saldo sebelumnya",
    "Balance_After": "Saldo setelahnya",
    "For_Notes_by_admin": "Untuk catatan oleh Admin",
    "how_much_balance_have_been_send": "berapa banyak saldo yang telah dikirim",
    "Current_Balance": "Saldo saat ini",
    "Sender_name": "Nama pengirim",
    "Customer_Balance": "Saldo Pelanggan",
    "Privacy_Policy": "Kebijakan Privasi",
    "Terms_and_Conditions": "Syarat dan Ketentuan",
    "Disable_Registration": "Nonaktifkan Pendaftaran",
    "Customer_just_Login_with_Phone_number_and_Voucher_Code__Voucher_will_be_password": "Pelanggan cukup masuk dengan nomor telepon dan kode voucher, Voucher akan menjadi kata sandi",
    "After_Customer_activate_voucher_or_login__customer_will_be_redirected_to_this_url": "Setelah Pelanggan mengaktifkan voucher atau masuk, Pelanggan akan diarahkan ke URL ini",
    "Extend_Postpaid_Expiration": "Perpanjang masa kedaluwarsa pascabayar",
    "Allow_Extend": "Izinkan Perpanjang",
    "Extend_Days": "Perpanjang Hari",
    "Confirmation_Message": "Pesan konfirmasi",
    "Email_Notification": "Pemberitahuan Email",
    "This_Token_will_act_as_SuperAdmin_Admin": "Token ini akan bertindak sebagai SuperAdmin\/Admin",
    "Miscellaneous": "Aneka ragam",
    "OTP_Required": "Diperlukan OTP",
    "OTP_is_required_when_user_want_to_change_phone_number": "OTP diperlukan ketika pengguna ingin mengganti nomor telepon",
    "OTP_Method": "Metode OTP",
    "SMS": "SMS",
    "WhatsApp": "WhatsApp",
    "SMS_and_WhatsApp": "SMS dan WhatsApp",
    "The_method_which_OTP_will_be_sent_to_user": "Metode OTP yang akan dikirimkan ke pengguna",
    "Disabled": "Dinonaktifkan",
    "Banned": "Dicekal",
    "Inactive": "Tidak Aktif",
    "Suspended": "Disuspend",
    "Maintenance_Mode": "Modus Pemeliharaan",
    "Recharge_Using": "Isi Ulang Menggunakan",
    "Cash": "Uang tunai",
    "Bank_Transfer": "Transfer Bank",
    "Income_reset_date": "Tanggal pengaturan ulang pendapatan",
    "Extend_Package_Expiry": "Perpanjang Masa Kedaluwarsa Paket",
    "Yes": "Ya",
    "No": "Tidak",
    "If_user_buy_same_internet_plan__expiry_date_will_extend": "Jika pengguna membeli paket internet yang sama, tanggal kedaluwarsa akan diperpanjang",
    "Tax_System": "Sistem pajak",
    "Enable_Tax_System": "Aktifkan Sistem Pajak",
    "Tax_will_be_calculated_in_Internet_Plan_Price": "Pajak akan dihitung dalam Harga Paket Internet",
    "Tax_Rate": "Persentase pajak",
    "Custom": "Kebiasaan",
    "Tax_Rates_in_percentage": "Tarif Pajak dalam persentase",
    "Custom_Tax_Rate": "Tarif Pajak Khusus",
    "Enter_Custom_Tax_Rate": "Masukkan Tarif Pajak Khusus",
    "Enter_the_custom_tax_rate__e_g___3_75_for_3_75__": "Masukkan tarif pajak khusus (misalnya 3,75 untuk 3,75%)",
    "Local_IP": "IP lokal",
    "Business": "Bisnis",
    "Category": "Kategori",
    "Device": "Perangkat",
    "Expired": "Kedaluwarsa",
    "Time": "Waktu",
    "Data": "Data",
    "1_Period___1_Month__Expires_the_20th_of_each_month": "1 Periode = 1 Bulan, Berakhir pada tanggal 20 setiap bulannya",
    "Expired_Date": "Tanggal kadaluarsa",
    "Expired_Action": "Tindakan Kedaluwarsa",
    "Optional": "Opsional",
    "Expired_Internet_Plan": "Paket Internet Kedaluwarsa",
    "When_Expired__customer_will_be_move_to_selected_internet_plan": "Ketika Expired, pelanggan akan dipindahkan ke paket internet yang dipilih",
    "Period": "Periode",
    "Rate": "Kecepatan",
    "Burst": "Burst",
    "Router_Name___Location": "Nama\/Lokasi Router",
    "Extend": "Memperpanjang",
    "City": "Kota",
    "District": "Daerah",
    "State": "Negara",
    "Zip": "Kode Pos",
    "ago": "yang lalu",
    "Created_Date": "Tanggal Dibuat",
    "Ascending": "Naik",
    "Descending": "Menurun",
    "Query": "Query",
    "Add": "Menambahkan",
    "Logout_Successful": "Berhasil Keluar",
    "warning": "peringatan",
    "Created___Expired": "Dibuat \/ Kedaluwarsa",
    "Login___Activate_Voucher": "Masuk \/ Aktifkan Voucher",
    "Voucher_activation_success__now_you_can_login": "Aktivasi voucher berhasil, sekarang Anda dapat login",
    "Customer_cannot_login_again": "Pelanggan tidak dapat login lagi",
    "Customer_can_login_but_cannot_buy_internet_plan__Admin_cannot_recharge_customer": "Pelanggan dapat login tetapi tidak dapat membeli paket internet, Admin tidak dapat mengisi ulang pelanggan",
    "Don_t_forget_to_deactivate_all_active_plan_too": "Jangan lupa untuk menonaktifkan semua paket aktif juga",
    "Attributes": "Atribut",
    "Additional_Information": "informasi tambahan",
    "City_of_Resident": "Kota Residen",
    "State_of_Resident": "Negara Bagian Tempat Tinggal",
    "Zip_Code": "Kode Pos",
    "Phone": "Telepon",
    "Customer_Geo_Location_Information": "Informasi Lokasi Geo Pelanggan",
    "Code": "Kode",
    "Send_Personal_Message": "Kirim Pesan Pribadi",
    "Send_Via": "Kirim melalui",
    "Compose_your_message___": "Tulis pesan Anda...",
    "Use_placeholders_": "Gunakan placeholder:",
    "Customer_Name": "Nama Pelanggan",
    "Customer_Username": "Nama Pengguna Pelanggan",
    "Customer_Phone": "Telepon Pelanggan",
    "Your_Company_Name": "Nama perusahaan Anda",
    "Change": "Mengubah",
    "Change_Phone_Number": "Ubah Nomor Telepon",
    "Current_Number": "Nomor Saat Ini",
    "New_Number": "Nomor baru",
    "Input_your_phone_number": "Masukkan nomor telepon Anda",
    "OTP": "OTP",
    "Enter_OTP_that_was_sent_to_your_phone": "Masukkan OTP yang dikirimkan ke ponsel Anda",
    "Update": "Memperbarui",
    "Verification_code_has_been_sent_to_your_phone": "Kode verifikasi telah dikirimkan ke ponsel Anda",
    "Please_wait_1039_seconds_before_sending_another_SMS": "Harap tunggu 1039 detik sebelum mengirim SMS lainnya",
    "Please_wait_1015_seconds_before_sending_another_SMS": "Harap tunggu 1015 detik sebelum mengirim SMS lainnya",
    "Phone_number_updated_successfully": "Nomor telepon berhasil diperbarui",
    "You_cannot_use_your_current_phone_number": "Anda tidak dapat menggunakan nomor telepon Anda saat ini",
    "Devices": "Perangkat",
    "Voucher_Prefix": "Awalan Voucher",
    "This_account_status": "Status akun ini",
    "Hotspot_Auth_Method": "Metode Otentikasi Hotspot",
    "Api": "Api",
    "Http_Chap": "Http-Chap",
    "Hotspot_Authentication_Method__Make_sure_you_have_changed_your_hotspot_login_page_": "Metode Otentikasi Hotspot. Pastikan Anda telah mengubah halaman login hotspot Anda.",
    "Languge_set_to_indonesia": "Language set to indonesia",
    "Enable": "Aktifkan",
    "Diable": "Nonaktifkan",
    "Verification_code": "Kod3 V3r1fik@s1",
    "Registration_code": "Kod3 R3g1str@s1",
    "TX": "TX",
    "RX": "RX",
    "Database": "Database",
    "Additional_Billing": "Penagihan Tambahan",
    "paid_off": "terbayar lunas",
    "Sync_account_if_you_failed_login_to_internet": "Sinkronkan akun jika Anda gagal masuk ke internet",
    "_Are_You_Sure_": "Apa kamu yakin?",
    "Send_your_balance___": "Kirim saldo Anda?",
    "_": "-",
    "Search_Users": "Pencarian Pengguna",
    "Routers_Maps": "Peta Router",
    "Theme_Voucher": "Voucher Tema",
    "Payment_Info": "Info Pembayaran",
    "Documentation": "Dokumentasi",
    "Customers": "Pelanggan",
    "Package_Name": "Nama Paket",
    "Routers_Offline": "Router Offline",
    "Cron_appear_not_been_setup__please_check_your_cron_setup_": "Cron tampaknya belum disiapkan, silakan periksa pengaturan cron Anda.",
    "Buy": "Membeli",
    "You_are_already_logged_in": "Anda sudah masuk",
    "PPPOE_Package": "Paket PPPOE",
    "Prepaid": "Prabayar",
    "Postpaid": "Pascabayar",
    "Enabled": "Diaktifkan",
    "Disable": "Cacat",
    "Create_expired_Internet_Plan": "Buat Paket Internet yang Kedaluwarsa",
    "When_customer_expired__you_can_move_it_to_Expired_Internet_Plan": "Ketika pelanggan kedaluwarsa, Anda dapat memindahkannya ke Paket Internet Kedaluwarsa",
    "Price_Before_Discount": "Harga Sebelum Diskon",
    "For_Discount_Rate__this_is_price_before_get_discount__must_be_more_expensive_with_real_price": "Untuk Discount Rate, ini adalah harga sebelum mendapat diskon, pasti lebih mahal dari harga sebenarnya",
    "on_login___on_up": "saat masuk \/ saat mendaftar",
    "on_logout___on_down": "saat keluar \/ saat turun",
    "Get_Directions": "Dapatkan Petunjuk Arah",
    "Not_Working_with_Freeradius_Mysql": "Tidak Bekerja dengan Freeradius Mysql",
    "User_Cannot_change_this__only_admin__if_it_Empty_it_will_use_Customer_Credentials": "Pengguna tidak dapat mengubah ini, hanya admin. Jika Kosong, maka akan menggunakan Kredensial Pelanggan",
    "Buy_this__your_active_package_will_be_overwritten": "Beli ini? Paket aktif Anda akan ditimpa",
    "Pay_this_with_Balance__your_active_package_will_be_overwritten": "Bayar ini dengan Saldo? Paket aktif Anda akan ditimpa",
    "Error": "Kesalahan",
    "Internal_Error": "Kesalahan Internal",
    "Sorry__the_software_failed_to_process_the_request__if_it_still_happening__please_tell": "Maaf, perangkat lunak gagal memproses permintaan, jika masih terjadi, mohon beri tahu",
    "Try_Again": "Coba Lagi",
    "Make_sure_you_use_API_Port__Default_8728": "Pastikan Anda menggunakan Port API, Default 8728",
    "Make_sure_Username_and_Password_are_correct": "Pastikan Username dan Password sudah benar",
    "Make_sure_your_hosting_not_blocking_port_to_external": "Pastikan hosting Anda tidak memblokir port ke eksternal",
    "Make_sure_your_Mikrotik_accessible_from_PHPNuxBill": "Pastikan Mikrotik Anda dapat diakses dari PHPNuxBill",
    "If_you_just_update_PHPNuxBill_from_upload_files__try_click_Update": "Jika Anda baru saja memperbarui PHPNuxBill dari mengunggah file, coba klik Perbarui",
    "Update_PHPNuxBill": "Perbarui PHPNuxBill",
    "Ask_Github_Community": "Tanya Komunitas Github",
    "Ask_Telegram_Community": "Tanya Komunitas Telegram",
    "Token_has_expired__Please_log_in_again_": "Token telah kedaluwarsa. Silakan masuk lagi.",
    "danger": "bahaya",
    "Application_Name___Company_Name": "Nama Aplikasi \/ Nama Perusahaan",
    "For_PDF_Reports___Best_size_1078_x_200___uploaded_image_will_be_autosize": "Untuk Laporan PDF | Ukuran terbaik 1078 x 200 | gambar yang diunggah akan berukuran otomatis",
    "Print_Max_Char": "Cetak Max Char",
    "For_invoice_print_using_Thermal_Printer": "Untuk cetak faktur menggunakan Printer Thermal",
    "Theme": "Tema",
    "Default": "Bawaan",
    "Theme_Info": "Info Tema",
    "This_used_for_admin_to_select_payment_in_recharge__using_comma_for_every_new_options": "Ini digunakan untuk admin untuk memilih pembayaran dalam pengisian ulang, menggunakan koma untuk setiap opsi baru",
    "Income_will_reset_every_this_day": "Pendapatan akan direset setiap hari ini",
    "edit_at_config_php": "edit di config.php",
    "Hide_Dashboard_Content": "Sembunyikan Konten Dasbor",
    "Redirect_URL_after_Activation": "Pengalihan URL setelah Aktivasi",
    "Enable_Radius": "Aktifkan Radius",
    "Radius_Instructions": "Petunjuk Radius",
    "Customer_can_request_to_extend_expirations": "Pelanggan dapat meminta perpanjangan masa berlaku",
    "i_agree_to_extends_and_will_paid_full_after_this": "Saya setuju untuk memperpanjang dan akan membayar penuh setelah ini",
    "Customer_Balance_System": "Sistem Saldo Pelanggan",
    "Telegram_Bot_Token": "Token Bot Telegram",
    "Telegram_User_Channel_Group_ID": "ID Pengguna\/Saluran\/Grup Telegram",
    "You_will_get_Payment_and_Error_notification": "Anda akan mendapatkan pemberitahuan Pembayaran dan Kesalahan",
    "Test_SMS": "Tes SMS",
    "SMS_Server_URL": "URL Server SMS",
    "Must_include": "Harus menyertakan",
    "it_will_be_replaced_": "itu akan diganti.",
    "Or_use_Mikrotik_SMS": "Atau gunakan Mikrotik SMS",
    "Select_Router": "Pilih Router",
    "You_can_use": "Anda dapat menggunakan",
    "in_here_too_": "di sini juga.",
    "Free_Server": "Server Gratis",
    "WhatsApp_Server_URL": "URL Server WhatsApp",
    "Empty_this_to_use_internal_mail___PHP": "Kosongkan ini untuk menggunakan internal mail() PHP",
    "SMTP_Username": "Nama Pengguna SMTP",
    "SMTP_Password": "Kata Sandi SMTP",
    "SMTP_Security": "Keamanan SMTP",
    "Mail_Reply_To": "Balas Email Ke",
    "Customer_will_reply_email_to_this_address__empty_if_you_want_to_use_From_Address": "Pelanggan akan membalas email ke alamat ini, kosong jika Anda ingin menggunakan Alamat Dari",
    "None": "Tidak ada",
    "By_WhatsApp": "Melalui WhatsApp",
    "By_SMS": "Melalui SMS",
    "By_Email": "Melalui Email",
    "From_Direct_Chat_Link_": "Dari Tautan Obrolan Langsung.",
    "Access_Token": "Token Akses",
    "Empty_this_to_randomly_created_API_key": "Kosongkan ini ke kunci API yang dibuat secara acak",
    "Enable_Session_Timeout": "Aktifkan Batas Waktu Sesi",
    "Logout_Admin_if_not_Available_Online_a_period_of_time": "Logout Admin jika tidak tersedia\/Online dalam jangka waktu tertentu",
    "Timeout_Duration": "Durasi Waktu Habis",
    "Enter_the_session_timeout_duration__minutes_": "Masukkan durasi batas waktu sesi (menit)",
    "Idle_Timeout__Logout_Admin_if_Idle_for_xx_minutes": "Waktu Habis Idle, Keluar dari Admin jika Idle selama xx menit",
    "New_Version_Notification": "Pemberitahuan Versi Baru",
    "This_is_to_notify_you_when_new_updates_is_available": "Ini untuk memberi tahu Anda ketika pembaruan baru tersedia",
    "Router_Check": "Pemeriksaan Router",
    "If_enabled__the_system_will_notify_Admin_when_router_goes_Offline__If_admin_have_10_or_more_router_and_many_customers__it_will_get_overlapping__you_can_disabled": "Jika diaktifkan, sistem akan memberitahu Admin ketika router Offline, Jika admin memiliki 10 atau lebih router dan banyak pelanggan, maka akan terjadi tumpang tindih, Anda dapat menonaktifkannya",
    "Phone_OTP_Required": "Diperlukan OTP Telepon",
    "OTP_is_required_when_user_want_to_change_phone_number_and_registration": "OTP diperlukan ketika pengguna ingin mengubah nomor telepon dan registrasi",
    "by_WhatsApp": "melalui WhatsApp",
    "By_WhatsApp_and_SMS": "Melalui WhatsApp dan SMS",
    "Email_OTP_Required": "Email OTP Diperlukan",
    "OTP_is_required_when_user_want_to_change_Email_Address": "OTP diperlukan ketika pengguna ingin mengubah Alamat Email",
    "Show_Bandwidth_Plan": "Tampilkan Paket Bandwidth",
    "_for_Customer": "untuk Pelanggan",
    "Custome": "Pelanggan",
    "Custome_Tax_Rate": "Tarif Pajak Bea Cukai",
    "Enter_Custome_Tax_Rate": "Masukkan Tarif Pajak Pelanggan",
    "Authentication": "Autentikasi",
    "Github_Username": "Nama Pengguna Github",
    "Github_Token": "Token Github",
    "Create_GitHub_personal_access_token": "Buat token akses pribadi GitHub",
    "only_need_repo_scope": "hanya butuh cakupan repo",
    "This_will_allow_you_to_download_plugin_from_private_paid_repository": "Ini akan memungkinkan Anda mengunduh plugin dari repositori pribadi\/berbayar",
    "Expired_Cronjob_Every_5_Minutes": "Cronjob Kedaluwarsa Setiap 5 Menit",
    "Expired_Cronjob_Every_1_Hour": "Cronjob Kedaluwarsa Setiap 1 Jam",
    "Reminder_Cronjob_Every_7_AM": "Pengingat Cronjob Setiap Jam 7 Pagi",
    "Check_if_Customer_Online": "Periksa apakah Pelanggan Online",
    "Active_Customers": "Pelanggan Aktif",
    "This_will_show_is_Customer_currently_is_online_or_not": "Ini akan menunjukkan apakah Pelanggan sedang online atau tidak",
    "3_Months": "3 Bulan",
    "Used_Date": "Tanggal Penggunaan",
    "Plugin_Installer": "Pemasang Plugin",
    "Upload_Zip_Plugin_Theme_Device": "Unggah Plugin\/Tema\/Perangkat Zip",
    "Install": "Memasang",
    "via_SMS": "melalui SMS",
    "Via_WhatsApp": "Melalui WhatsApp",
    "Via_WhatsApp_and_SMS": "Melalui WhatsApp dan SMS",
    "Send_Bulk_Message": "Kirim Pesan Massal",
    "Group": "Kelompok",
    "All_Customers": "Semua Pelanggan",
    "New_Customers": "Pelanggan Baru",
    "Expired_Customers": "Pelanggan yang Kedaluwarsa",
    "Message_per_time": "Pesan per waktu",
    "5_Messages": "5 Pesan",
    "10_Messages": "10 Pesan",
    "15_Messages": "15 Pesan",
    "20_Messages": "20 Pesan",
    "30_Messages": "30 Pesan",
    "40_Messages": "40 Pesan",
    "50_Messages": "50 Pesan",
    "60_Messages": "60 Pesan",
    "Use_20_and_above_if_you_are_sending_to_all_customers_to_avoid_server_time_out": "Gunakan 20 dan di atasnya jika Anda mengirim ke semua pelanggan untuk menghindari waktu server habis",
    "Delay": "Menunda",
    "No_Delay": "Tidak Ada Penundaan",
    "5_Seconds": "5 Detik",
    "10_Seconds": "10 Detik",
    "15_Seconds": "15 Detik",
    "20_Seconds": "20 Detik",
    "Use_at_least_5_secs_if_you_are_sending_to_all_customers_to_avoid_being_banned_by_your_message_provider": "Gunakan setidaknya 5 detik jika Anda mengirim ke semua pelanggan untuk menghindari pemblokiran oleh penyedia pesan Anda",
    "Testing__if_checked_no_real_message_is_sent_": "Pengujian [jika dicentang, tidak ada pesan nyata yang dikirim]",
    "Message_Results": "Hasil Pesan",
    "VPN_Plans": "Paket VPN",
    "VPN_Package": "Paket VPN",
    "Balance_Package": "Paket Keseimbangan",
    "New_Service_Package": "Paket Layanan Baru",
    "Package_Price": "Harga Paket",
    "Radius_Package": "Paket Radius",
    "Hotspot_Package": "Paket Hotspot",
    "Maintenance_Mode_Settings": "Pengaturan Mode Pemeliharaan",
    "Status_": "Status:",
    "Force_Logout_": "Paksa Keluar:",
    "End_Date_": "Tanggal Berakhir:",
    "Save": "Menyimpan",
    "Not_Active": "Tidak Aktif",
    "Limit": "Membatasi",
    "Create_expired_Internet_Package": "Buat Paket Internet yang Kedaluwarsa",
    "When_customer_expired__you_can_move_it_to_Expired_Internet_Package": "Ketika pelanggan telah kedaluwarsa, Anda dapat memindahkannya ke Paket Internet Kedaluwarsa",
    "Miscellaneous_Settings": "Pengaturan Lain-Lain",
    "Minute": "Menit",
    "Hour": "Jam",
    "Buy_Balance_Plans": "Beli Paket Saldo",
    "New_Voucher_for_10mbps_Created": "Voucher Baru untuk 10mbps Dibuat",
    "Previous": "Sebelumnya",
    "Share": "Membagikan",
    "Agent": "Agen",
    "Sub_District": "Kecamatan",
    "Ward": "Bangsal",
    "Profile": "Profil",
    "Credentials": "Kredensial",
    "Cron_has_not_run_for_over_1_hour__Please_check_your_setup_": "Cron tidak berjalan selama lebih dari 1 jam. Harap periksa pengaturan Anda.",
    "Photo": "Foto",
    "just_now": "baru saja",
    "Face_Detection": "Deteksi Wajah",
    "Password_should_be_minimum_6_characters": "Kata sandi minimal harus 6 karakter",
    "Username_should_be_between_3_to_45_characters": "Nama pengguna harus terdiri dari 3 hingga 45 karakter",
    "Single_session_Admin": "Sesi Tunggal Admin",
    "Admin_can_only_have_single_session_login__it_will_logout_another_session": "Admin hanya dapat memiliki login satu sesi, maka akan keluar dari sesi berikutnya",
    "For_Registration_and_Update_Phone_Number": "Untuk Registrasi dan Update Nomor Telepon",
    "Login_as_Customer": "Masuk sebagai Pelanggan",
    "Invalid_or_Expired_CSRF_Token": "Token CSRF Tidak Valid atau Kedaluwarsa",
    "Edit_Service_Package": "Edit Paket Layanan",
    "Package_Type": "Tipe Paket",
    "Package_Validity": "Validitas Paket",
    "Expired_Internet_Package": "Paket Internet Kedaluwarsa",
    "Default___Remove_Customer": "Default - Hapus Pelanggan",
    "When_Expired__customer_will_be_move_to_selected_internet_package": "Jika masa berlaku habis, pelanggan akan dipindahkan ke paket internet yang dipilih",
    "Data_Change": "Perubahan Data",
    "Home_Address": "Alamat Rumah",
    "Email_Address": "Alamat Email",
    "Custom_Balance": "Saldo Kustom",
    "Input_Desired_Amount": "Masukkan Jumlah yang Diinginkan",
    "Advanced_Hotspot_System": "Sistem Hotspot Canggih",
    "Successful_Payments": "Pembayaran Berhasil",
    "More_Info": "Info lebih lanjut",
    "Failed_Payments": "Pembayaran Gagal",
    "Pending_Payments": "Pembayaran Tertunda",
    "Cancelled_Payments": "Pembayaran yang Dibatalkan",
    "Daily_Sales": "Penjualan Harian",
    "Monthly_Sales": "Penjualan Bulanan",
    "Weekly_Sales": "Penjualan Mingguan",
    "How_its_Works": "Cara kerjanya",
    "_Click_this": "Klik ini",
    "_to_visit_the_hotspot_login_page": "untuk mengunjungi halaman login hotspot",
    "_Choose_your_desired_plan__enter_your_phone_number_and_click_Pay_Now__you_will_be_redirected_to_payment_portal_": "Pilih paket yang Anda inginkan, masukkan nomor telepon Anda dan klik Bayar Sekarang, Anda akan diarahkan ke portal pembayaran.",
    "_Pay_with_Demo_Success_": "Bayar dengan Demo Sukses.",
    "_After_Successful_Payment_you_will_be_awarded_the_package_and_you_will_received_your_Voucher_Code_for_login_": "Setelah Pembayaran Berhasil, Anda akan diberikan paket dan Anda akan menerima Kode Voucher untuk login.",
    "_Come_back_here_to_see_your_hotspot_performance_at_a_glance_": "Kembali ke sini untuk melihat sekilas kinerja hotspot Anda.",
    "Hotspot_Payment_History": "Riwayat Pembayaran Hotspot",
    "Search_Phone_Number_____": "Cari Nomor Telepon.....",
    "Transaction_ID": "ID Transaksi",
    "Transaction_Ref": "Referensi Transaksi",
    "Voucher_Code": "Kode Voucher",
    "Amount": "Jumlah",
    "Transaction_Status": "Status Transaksi",
    "Payment_Method": "Metode Pembayaran",
    "Payment_Date": "Tanggal Pembayaran",
    "Plan_Expiry_Date": "Tanggal Kedaluwarsa Paket",
    "Created_on": "Dibuat pada",
    "Expires_on": "Kedaluwarsa pada",
    "Package_Details": "Rincian Paket",
    "Summary": "Ringkasan",
    "Allow_Balance_custom_amount": "Izinkan Saldo jumlah khusus",
    "Allow_Customer_buy_balance_with_any_amount": "Izinkan Pelanggan membeli saldo dengan jumlah berapa pun",
    "Or": "Atau",
    "Filter": "Menyaring",
    "Show_chart": "Tampilkan grafik",
    "Start_Date": "Tanggal Mulai",
    "Start_time": "Waktu mulai",
    "End_Date": "Tanggal Akhir",
    "End_Time": "Akhir Zaman",
    "Internet_Plans": "Paket Internet",
    "Methods": "Metode",
    "Hap_Lite": "Hap Lite",
    "balance": "keseimbangan",
    "radius": "radius",
    "Max_30_days": "Maksimal 30 hari",
    "Information": "Informasi",
    "Export_and_Print_will_show_all_data_without_pagination": "Ekspor dan Cetak akan menampilkan semua data tanpa pagination",
    "First_Name": "Nama depan",
    "Last_Name": "Nama Belakang",
    "General": "Umum",
    "Registration": "Pendaftaran",
    "Allow_Registration": "Izinkan Registrasi",
    "Voucher_Only": "Hanya Voucher",
    "No_Registration": "Tidak Ada Registrasi",
    "Registration_Username": "Nama Pengguna Registrasi",
    "Customer_Registration_need_to_validate_using_OTP": "Registrasi Pelanggan perlu divalidasi menggunakan OTP",
    "SMS_Notification": "Pemberitahuan SMS",
    "Tax_Rates_by_percentage": "Tarif Pajak Berdasarkan Persentase",
    "Settings_For_Mikrotik": "Pengaturan Untuk Mikrotik",
    "Settings_For_Cron_Expired": "Pengaturan Untuk Cron Kedaluwarsa",
    "Choose_one__above_or_below": "Pilih salah satu, di atas atau di bawah",
    "Settings_For_Cron_Reminder": "Pengaturan Untuk Pengingat Cron",
    "Security": "Keamanan",
    "Enable_CSRF_Validation": "Aktifkan Validasi CSRF",
    "Cross_site_request_forgery": "Pemalsuan permintaan lintas situs",
    "Forgot_Password": "Lupa Kata Sandi",
    "Validity_Periode": "Periode Validitas",
    "Transaction_History_List": "Daftar Riwayat Transaksi"
}